pmid,title,abstract,authors,year,journal,search_label,decision
42151625,"Which religious and personal characteristics predict attitudes toward gene editing? Findings from a survey of 4,939 adults in the U.S.","We explored whether major religious groups' attitudes toward gene editing differ, as well as what specific religious and personal characteristics predict attitudes toward gene editing. We administered a survey to a sample of U.S. adults (N = 4939), including stratified samples of nine major religious and non-religious groups. We assessed participants' religious affiliation, beliefs, and practices, and their attitudes (i.e., support and concerns) toward gene editing. Participants generally supported gene editing but also reported moderate levels of concerns. Atheist participants reported the highest support, while Mainline Protestants reported the lowest. Muslim participants reported the highest concerns, while atheist participants reported the lowest. Views on evolution and the healthcare values of their spiritual community predicted support, while views on evolution, beliefs that one's body is a manifestation of God, and religious discrimination predicted concerns. The strongest predictors of attitudes were distrust and genetic knowledge, with higher genetic knowledge predicting lower support. While religious affiliation predicts attitudes toward gene editing, generalizations must be avoided given the range of attitudes within each group. Additionally, education alone is unlikely to increase support for gene editing. Fostering trust among religious groups is essential to ensuring that their decisions reflect their values and priorities, rather than being driven by distrust of the healthcare system. Better understanding religion's impact on attitudes toward gene editing may facilitate appropriate genetic counseling and inform policymaking efforts.",Solomon Erin D; Chin Eu Gene; Baldwin Kari; Baker Lauren L; DuBois James M,2026,Journal of community genetics,Islamic bioethics / genomic consent — supplementary,pending
41788410,"Geneticization outside genetics' birthplace: ethical, legal and social implications in the Gulf Cooperation Council region.","Geneticization refers to the growing tendency to explain health, behavior, and identity primarily through genetic terms, often at the expense of social, environmental, and cultural factors. This paper offers a novel contribution to the global discourse on geneticization - a phenomenon extensively examined in Western, predominantly secular contexts, by critically analyzing its ethical, legal, and social implications (ELSI) within the Muslim-majority societies of the Gulf Cooperation Council (GCC) region. As genetic screening programs such as prenatal, newborn, and premarital screening (PMS) gain traction across the GCC countries, often supported by advanced technologies like whole genome sequencing and whole exome sequencing, they encounter not only globally recognized concerns but also distinct religio-ethical and socio-cultural challenges that necessitate engagement with Islamic moral frameworks. Drawing on a close analysis of interdisciplinary literature, the study identifies key ethical tensions surrounding theological sensitivities, informed consent, individual autonomy, genetic discrimination, stigmatization, eugenics, and the management of incidental findings. The paper further highlights legal inconsistencies in PMS mandates and the evolving regulatory landscape governing genomic research across the region. Social implications including high rates of consanguinity, varying levels of public awareness, and community reception of screening programs underscore the need for culturally responsive approaches that align with local values and norms. By foregrounding these region-specific dynamics, this paper advances a more contextually grounded and ethically attuned understanding of geneticization beyond its Western foundations. In doing so, it offers new perspectives for navigating the ELSI of genomics in the GCC, with broader relevance to the Arab world.",Shaheen Safa; Ghaly Mohammed,2026,Frontiers in genetics,Islamic bioethics / genomic consent — supplementary,pending
41625625,Human cognitive enhancement and reprogenetic technologies in Malaysia - A survey study of local Muslim undergraduate students' viewpoints.,"Newly emerging human enhancement technologies such as brain chip implants, CRISPR-Cas9-based gene editing, and polygenic embryo screening (PES) alongside preimplantation genetic testing (PGT-P) are highly controversial in Islam. However, the prevailing sociocultural dynamics encourage their uptake. In the current era of declining fertility rates, increased parental investment in fewer children has resulted in a flourishing tuition industry, accompanied by heightened academic pressure on students and widespread parental anxiety. These emerging technologies can be employed for cognitive enhancement, thereby providing an expedient solution for parents and students navigating a highly competitive educational environment. To inform and facilitate future policy decision-making, an online survey was conducted among 575 undergraduate Muslim students at the International Islamic University Malaysia (IIUM) to assess their perspectives and opinions regarding these newly emerging technologies. The findings indicated a significant level of opposition among respondents to the uptake of human enhancement technologies, with 54.8% opposing polygenic embryo screening, 69.2% opposing gene editing, and 75.3% opposing brain chip implants, reflecting substantial concerns about altering natural human attributes. The results also indicate that numerous Muslim respondents believe that Allah created humans flawlessly and purposefully, asserting that humanity lacks the authority to alter or amend this creation. A three-pronged governance approach for human enhancement technologies is thus proposed, which encompasses (i) bioethical safeguards, (ii) public engagement and education, and (iii) economic accessibility. It is suggested that the Malaysian government should actively consult relevant stakeholders and various segments of the public before enacting future legislation on these technologies.",Muhsin Sayyed Mohamed; Akbar Mohamed Aslam; Mustari Sohela; Alashaikh Mohammed H; Chin Alexis Heng Boon,2026,Frontiers in sociology,Islamic bioethics / genomic consent — supplementary,pending
40698500,The need of genetic counselling in third world Muslim countries.,,Memon Ahsan Jamal,2025,JPMA. The Journal of the Pakistan Medical Association,Islamic bioethics / genomic consent — supplementary,pending
40259649,"Influence of Consanguinity on Non-communicable Diseases in Settat, Morocco: Exploring Susceptibility to Chronic and Complex Health Conditions.","The prevalence of non-communicable diseases (NCDs) represents a significant global health challenge, accounting for 71% of global deaths. This concern is also widespread in Morocco. Consanguinity, common in Arab and Muslim regions, could influence the genetic predisposition to these diseases. This study aimed to explore the impact of consanguineous marriage (CM) on predisposition to these chronic illnesses among the populace in Settat province, Morocco, concerning prevalent NCDs.  This study was conducted in Settat, Morocco, from April to October 2021 and included 453 married women aged 18 and above. Participants were selected from rural and urban health centers using a two-stage sampling method. The data were collected through structured interviews using a validated questionnaire. Statistical analyses with SPSS 26 assessed associations between consanguinity and NCDs in respondents and their descendants using odds ratios (ORs) and 95% confidence intervals. The participants had a mean age of 38.04 years, with 35% residing in rural areas and 26.7% having a CM. The results indicated that individuals with consanguineous ancestors have a greater risk of contracting NCDs, such as cardiovascular diseases (CVDs) (OR=2.047,  It is essential to integrate the harmful effects of consanguinity on future generations' health into public health policy through genetic counseling, testing, screening, and awareness programs.",El Goundali Khaddouj; Chebabe Milouda; Elkhoudri Noureddine; Hilali Abderraouf,2025,Journal of research in health sciences,Islamic bioethics / genomic consent — supplementary,pending
39946424,The importance of genetic counselling and testing in inherited eye diseases: A population-based retrospective study.,"Inherited eye diseases (IEDs) are among the main causes of visual impairment and blindness in children and young people worldwide. The objective of our study was to characterize the prevalence and distribution of the most common IEDs and causative genes in our population. Retrospective study based on medical records of patients with IEDs who underwent genetic counselling through our multidisciplinary low vision center from 2018 to 2020. Data retrieved from medical files included: year of consultation, age, gender, ethnicity, diagnosis, gene variants and mode of inheritance. 228 patients were included in our study. The most common diagnoses were inherited retinal diseases (IRDs) (41.2%) and albinism (32%). In 2018 and 2019 the number of patients reaching out for genetic counselling was between 50 and 60; this number doubled by 2020. The rate of pathogenic variant detection was 65.3%. The most common genes identified were TYR (29.2%), OCA2 (7.9%), ABCA4 (5.3%), TRPM1 (5.3%) and USH2A (4.4%). Genetic counselling and testing became an essential part of caregiving for patients and families affected by these severe IEDs. The most common IEDs were IRDs in the Muslim population and albinism in the Jewish population. Pathogenic variants in the TYR gene were the most common in our cohort, OCA2 gene was the second in frequency, followed by ABCA4, TRPM1 and USH2A genes. We detected an increasing trend over the studied time in the number of patients reaching out for genetic counselling.",Kaminer Abargel Michal; Macarov Michal; Hendler Karen; Yahalom Claudia,2025,PloS one,Islamic bioethics / genomic consent — supplementary,pending
39575535,Clinical Ethics and the Observant Jewish and Muslim Patient: Shared Theocentric Perspectives in Practice.,"Patients from religious minorities can face unique challenges reconciling their beliefs with the values that undergird Western Medical Ethics. This paper explores homologies between approaches of Orthodox Judaism and Islam to medical ethics, and how these religions' moral codes differ from the prevailing ethos in medicine. Through analysis of religious and biomedical literature, this work examines how Jewish and Muslim religious observances affect decisions about genetic counseling, reproductive health, pediatric medicine, mental health, and end-of-life decisions. These traditions embrace a theocentric rather than an autonomy-based ethics. Central to this conception is the view that life and the body are gifts from God rather than the individual and the primacy of community norms. These insights can help clinicians provide care that aligns Muslim and Jewish patients' health goals with their religious beliefs and cultural values. Finally, dialogue in a medical context between these faith traditions provides an opportunity for rapprochement amidst geopolitical turmoil.",Hossain Fahmida; Gabbay Ezra; Fins Joseph J,2025,Cambridge quarterly of healthcare ethics : CQ : the international journal of healthcare ethics committees,Islamic bioethics / genomic consent — supplementary,pending
39037640,Family-Oriented Living Organ Donation in Bangladesh: A Bioethical Defence.,"This study focuses on issues related to living organ donation for transplantation in Bangladesh. The policy and practice of living organ donation for transplantation in Bangladesh is family-oriented: close relatives (legal and genetic) are the only ones allowed to be living donors. Unrelated donors, altruistic donors (directed and non-directed), and paired/pooled or non-directed altruistic living donor chains-as many of these are implemented in other countries-are not legally allowed to serve as living donors in Bangladesh. This paper presents normative arguments explaining why the family-oriented nature of regulations and practices surrounding living organ donation for transplantation is essential for Bangladesh. In this article, I specifically argue that if the Bangladesh government revises the current biomedical policy robustly beyond relatives and allows unrelated donors to donate organs legally, this may foster organ selling due to the poverty and corruption problems in Bangladesh. The family-oriented requirement of the living organ donation policy and practice is defensible and morally justifiable as it preserves common notions of the family unit and family bonding in Bangladesh. Maintaining the current living-donation regulations and promoting deceased donation is the way forward, as this safely preserves the family values, protects against organ selling, and increases access to organ transplantation.",Siraj S,2024,Journal of bioethical inquiry,Islamic bioethics / genomic consent — supplementary,pending
38745815,Polydactyly-Myopia Syndrome: Genetic and Ophthalmologic Perspectives.,"Polydactyly-myopia syndrome is a rare genetic condition characterized by the co-occurrence of polydactyly and myopia. Herein, we present the case of a 28-year-old Muslim male, born of consanguineous parents, who presented with complaints of diminished vision since childhood. Ophthalmologic examination revealed severe myopia with characteristic fundus changes indicative of high myopia. Additionally, the patient exhibited polydactyly in all limbs, with a positive family history of both polydactyly and myopia. This case underscores the importance of recognizing and managing rare syndromes to provide appropriate genetic counseling and clinical care. Further research is warranted to elucidate the underlying genetic mechanisms and optimize therapeutic strategies for polydactyly-myopia syndrome. Awareness of this syndrome among healthcare providers is essential to facilitate early diagnosis and intervention for affected individuals and their families.",Swaminathan Uma; Daigavane Sachin; Gupta Nivesh,2024,Cureus,Islamic bioethics / genomic consent — supplementary,pending
38586573,Islamic Viewpoints on Opportunistic Sex Selection of IVF Embryos upon doing Preimplantation Genetic Testing for Preventing Genetic Diseases.,"In recent years, preimplantation genetic testing (PGT) of IVF embryos have gained much traction in clinical assisted reproduction for preventing various genetic defects, including Down syndrome. However, such genetic tests inevitably reveal the sex of IVF embryos by identifying the sex (X and Y) chromosomes. In many countries with less stringent IVF regulations, information on the sex of embryos that are tested to be genetically normal is readily shared with patients. This would thus present Muslim patients with unintended opportunities for sex selection based on personal or social biases without any pressing need or valid medical reason. Additionally, there are other patients who claim using PGT for preventing genetic defects as a pretext or ""convenient excuse,"" with a secret intention to do sex selection when it is banned in their home country. Currently, non-medical sex selection is a highly-controversial and hotly debated issue in Islam, because there is generally a strong preference for having sons over daughters due to widespread cultural norms of elderly parents depending on their sons for financial support, as well as the need for male heirs to continue the family lineage within the backdrop of local patriarchal cultures. There is a risk of gender imbalance and social disequilibrium occurring in Islamic societies due to prevalent sex selection. Hence, the question is whether opportunistic sex selection with PGT would contravene Islamic ethics and principles, which will thus be discussed here.",Muhsin Sayyed Mohamed; Arab Shaima Zohair; Chin Alexis Heng Boon,2025,Asian bioethics review,Islamic bioethics / genomic consent — supplementary,pending
38450297,"Islamic perspectives on preconception, prenatal, and perinatal counseling.","With advances in prenatal imaging, genetic testing, and medical treatment of premature neonates, new bioethical challenges have arisen. Many Muslims turn to their faith and religious leaders to help navigate these novel challenges. This article briefly discusses the factors that are involved in religious leaders issuing a fatwa, or religious opinion. Using clinical scenarios, this article reviews the current discourse amongst Islamic scholars and laws in Muslim-majority countries regarding challenging bioethical topics surrounding preconception counseling, antenatal testing and termination of pregnancy, as well as Islamic scholars' attempts to determine a minimum gestational age of viability using primary religious texts, the Quran and hadith. Challenges and shortcomings in the Islamic perspective on these issues are also addressed to highlight areas in which further research should be pursued. A deeper understanding of Islamic religious perspectives on these topics can help clinicians in providing care that is informed by patients' cultural and religious values.",Shoaib Abdullah Bin,2024,Frontiers in pediatrics,Islamic bioethics / genomic consent — supplementary,pending
38047997,Islamic Perspectives on Polygenic Testing and Selection of IVF Embryos (PGT-P) for Optimal Intelligence and Other Non-Disease-Related Socially Desirable Traits.,"In recent years, the genetic testing and selection of IVF embryos, known as preimplantation genetic testing (PGT), has gained much traction in clinical assisted reproduction for preventing transmission of genetic defects. However, a more recent ethically and morally controversial development in PGT is its possible use in selecting IVF embryos for optimal intelligence quotient (IQ) and other non-disease-related socially desirable traits, such as tallness, fair complexion, athletic ability, and eye and hair colour, based on polygenic risk scores (PRS), in what is referred to as PGT-P. Artificial intelligence (AI) and machine learning-based analysis of big data sets collated from genome sequencing of specific human ethnic populations can be used to estimate an individual embryo's likelihood of developing such multifactorial traits by analysing the combination of specific genetic variants within its genome. Superficially, this technique appears compliant with Islamic principles and ethics. Because there is no modification of the human genome, there is no tampering with Allah's creation (taghyīr khalq Allah). Nevertheless, a more critical analysis based on the five maxims of Islamic jurisprudence (qawa'id fiqhiyyah) that are often utilized in discourses on Islamic bioethics, namely qaṣd (intention), yaqın̄ (certainty), ḍarar (injury), ḍarūra (necessity), and `urf (custom), would instead reveal some major ethical and moral flaws of this new medical technology in the selection of non-disease-related socially desirable traits, and its non-compliance with the spirit and essence of Islamic law (shariah). Muslim scholars, jurists, doctors, and biomedical scientists should debate this further and issue a fatwa on this new medical technology platform.",Chin A H B; Al-Balas Q; Ahmad M F; Alsomali N; Ghaly M,2024,Journal of bioethical inquiry,Islamic bioethics / genomic consent — supplementary,pending
37868246,The Influence of Religious Affiliation and Attitudes of Clinical Genetic Testing Among Medical Students in the West Texas Region.,"Genetic counseling is an essential and pertinent field in any society to lower the prevalence of hereditary disorders. However, the desire to undergo counseling and genetic testing varies widely depending on the cultural background and level of scientific literacy of the individual. In this survey, we examine the perspectives of medical students on clinical genetic testing based upon their religious tradition. The total number of participants in the study was 257 (122 male and 135 female) second year medical students at Texas Tech University Health Sciences Center (TTUHSC). The distribution of religious identification (Atheist, Christian, Hindu, Jewish, Muslim, Spiritual/not Affiliated, and Other) among the second-year medical students. The survey was available to students through TTUHSC's Omnibus survey program for a period of two weeks. Most of the second-year medical students interviewed identified as being Christian (67%) with the next highest religious identification being Spiritual/not Affiliated (9%), Atheist (8%), and Muslim (6%). With regards to genetic tests, most of the students (95%), regardless of religious identification, have not used any commercial genetic testing services. Most second year medical students regardless of religious affiliation had similar agreement with questions regarding clinical genetic testing. However, there was a similar drop in agreement when it came on where students would want genetic screening to be performed regularly in clinics/hospitals. Given the numerous factors that must be considered, such as the patient's attitudes, knowledge, and beliefs towards the counseling process and genetic testing, genetic counseling is a challenging problem. Each target population's history, relevant exposure to, and domain expertise must be considered while promoting decision-making in genetic testing.",Kopel Jonathan,2023,Journal of community hospital internal medicine perspectives,Islamic bioethics / genomic consent — supplementary,pending
37761399,Prenatal Diagnosis and Pregnancy Termination in Jewish and Muslim Women with a Deaf Child in Israel.,"Deafness is the most common sensory disability in humans, influencing all aspects of life, However, early diagnosis of hearing impairment and initiating the rehabilitation process are of great importance to enable the development of language and communication as soon as possible. We examined the differences in attitudes towards performing prenatal invasive tests and pregnancy terminations in Jewish and Muslim women in Israel due to deafness. Overall, 953 Israeli women, aged 18-46 years with a mean age of 32.0 (SD = 7.12), were enrolled. Of those, 68.7% were city dwellers and 31.3% were village dwellers, and 60.2% were Muslim women and 39.8% were Jewish women. All participants had a child with a hearing impairment or deafness. The group with no genetic hearing loss performed more prenatal invasive tests and pregnancy terminations than those with genetic hearing loss in both ethnic groups. Jewish women performed more invasive prenatal tests and, consequently, a pregnancy termination. Secular Jewish women more frequently underwent pregnancy terminations due to fetal deafness. Further genetic counseling and information concerning IVF and PGD procedures should be provided to the Muslim population.",Amiel Aliza; Na'amnih Wasef; Tarabeih Mahdi,2023,"Children (Basel, Switzerland)",Islamic bioethics / genomic consent — supplementary,pending
37715869,Prenatal Testing and Pregnancy Termination Among Muslim Women Living in Israel Who Have Given Birth to a Child with a Genetic Disease.,"The aim of the study was to investigate whether a Muslim woman with a child afflicted with a genetic disease who is living at home would perform more prenatal tests and pregnancy terminations as opposed to a woman with a normal child living at home, and what demographic characteristics, if any, influenced this decision. The study included 771 Muslim women; 37.1% lived with a child afflicted with a genetic disease; and 62.9% did not. Muslim women with a child affected with a genetic disease living at home will undergo more prenatal testing and more pregnancy terminations. Village dwellers were more religious and consulted further with a religious authority. More city dwellers underwent prenatal tests and pregnancy terminations and received more health care and genetic counseling. In the villages populated by Muslims, more genetic counselling must be given, accompanied by guidance from religious Muslim authorities.",Amiel Aliza; Tarabeih Mahdi,2023,Journal of religion and health,Islamic bioethics / genomic consent — supplementary,pending
37712502,Lessons learned from the first national population-based genetic carrier-screening program for Duchenne muscular dystrophy.,"To summarize the results of first year implementation of pan-ethnic screening testing for Duchenne muscular dystrophy (DMD) and present the ensuing challenges. Data acquisition for this study was performed by retrospective search of Ministry of Health registry for reports of all laboratories performing genetic screening tests. DMD testing was performed by multiplex ligation-dependent probe amplification technology. In case of single-exon deletion, sequencing of the specific exon was performed to rule out underlying single-nucleotide variant. Of overall 85,737 DMD tests, 82 clinically significant findings were noted (0.095%, or 1:1,046 women). In addition, 80 findings with uncertain clinical significance were detected (0.093%, or 1:1072), as well as 373 cases (0.4%, or 1:230) of single-exon deletions subsequently identified as false positives because of underlying single-nucleotide variant, mostly variants in exon 8 in North African Jewish population, and in exon 48 in Arab Muslim population. Interpretation of population-based DMD carrier screening is complex, occasionally requiring additional genetic testing methods and ethical considerations. Multicenter data registry, including ethnic origin and familial segregation in selected cases, is crucial for optimal definition of the results during genetic counseling and informed decisions regarding prenatal testing.",Singer Amihood; Aartsma-Rus Annemieke; Grinshpun-Cohen Julia; Sagi-Dain Lena,2023,Genetics in medicine : official journal of the American College of Medical Genetics,Islamic bioethics / genomic consent — supplementary,pending
37440155,Mitochondrial Replacement Therapy: An Islamic Perspective.,"Mitochondrial replacement technology (MRT) is an emerging and complex bioethical issue. This treatment aims to eliminate maternal inherited mitochondrial DNA (mtDNA) disorders. For Muslims, its introduction affects every aspect of human life, especially the five essential interests of human beings-namely, religion, life, lineage, intellect, and property. Thus, this technology must be assessed using a comprehensive and holistic approach addressing these human essential interests. Consequently, this article analyses and assesses tri-parent baby technology from the perspective of Maqasidic bioethics-that is, Islamic bioethics based on the framework of Maqasid al-Shariah. Using this analysis, this article suggests that tri-parent baby technology should not be permitted for Muslims due to the existence of third-party cell gametes which lead to lineage mixing and due to the uncertain safety of the therapy itself and because the major aim of the technology is to fulfil the affected couples interest to conceive their own genetically healthy child, not to treat and cure mtDNA disorders sufferers.",Ibrahim Abdul Halim; Rahman Noor Naemah Abdul; Saifuddeen Shaikh Mohd,2023,Journal of bioethical inquiry,Islamic bioethics / genomic consent — supplementary,pending
36890359,"Prenatal Tests Undertaken by Muslim Women Who Underwent IVF Treatment, Secular Versus Religious: An Israeli Study.","Our goal was to determine if differences exist in the attitudes of religious Muslim women living in Israel toward prenatal testing and pregnancy termination after undergoing in vitro fertilization (IVF) compared to the secular Muslim women who had undergone IVF. Six hundred and ninety-nine Muslim women from cities and villages participated, 47% city-dwellers; 53% village-dwellers; 50%-secular; 50%-religious. Secular women who had undergone IVF performed more invasive tests and terminated more pregnancies due to an abnormal fetus than religious women. More genetic counseling must be provided explaining the different prenatal tests and the problems in raising an abnormal child.",Amiel Aliza; Tarabeih Mahdi,2023,Journal of religion and health,Islamic bioethics / genomic consent — supplementary,pending
36649588,"Population, abortion, contraception, and the relation between biopolitics, bioethics, and biolaw in Iran.","The Islamic government of Iran recently passed and announced a new law titled ""Rejuvenation of the Population and Protection of the Family."" This legislation is a noteworthy example of biopolitics-influenced biolaw. In terms of abortion, contraception, prenatal screening, and population control, this law clearly contrasts with women's fundamental rights and freedoms and has significant health-related consequences for different sectors of the population. A historical review of the population policies of the Islamic Republic of Iran shows the occurrence of multiple abrupt and radical changes in such policies over the past four decades. This new law, promoted by religious biopolitics, is the most recent example, and places stringent limits on abortion. According to it, all decisions concerning abortion must be made in courts rather than in health clinics. Such courts are typically presided over by male religious scholars. This law also limits prenatal screening to the degree that will increase the rate of genetic defects, especially in the population's lower socioeconomic strata. By strictly limiting access to contraception, this law will increase the rate of unwanted pregnancies and sexually transmitted diseases. This paper argues that such an influence of biopolitics on biolaw contrasts with the principles of bioethics. Still, Iran's current institution of bioethics cannot address it effectively. Therefore, a new model of interaction between bioethics, biopolitics, and biolaw is needed to prevent the detrimental consequences of such pieces of legislation. Such a paradigm shift is demanded by the current ""Woman, Life, Freedom"" movement of the Iranian people.",Aramesh Kiarash,2024,Developing world bioethics,Islamic bioethics / genomic consent — supplementary,pending
36264421,"Identifying the current status and future needs of clinical, educational, and laboratory genetics services in Pakistan: a web-based panel discussion.","While the prevalence of genetic disorders has been well documented in the Muslim-majority, low-socioeconomic country of Pakistan, the provision of medical genetic services remains limited and cost-prohibitive to the masses in the country. With the objective of identifying gaps in the provision of medical genetics services as perceived by the healthcare providers and the general public, the Pakistani Society of Medical Genetics and Genomics (PSMG) organized a needs assessment webinar on December 6, 2020, titled, ""A Vibrant Discussion on the Current Status and Future Needs of Medical Genetic Services in Pakistan."" The objectives of the webinar were (1) to explore the current availability of medical genetics services, (2) to identify areas in clinical genetics delivery models needed to improve the state of medical genetics in the country, and (3) to garner the interest in such provisions from the expert and lay audience. The webinar consisted of a moderator-led, structured interview of an expert panel including the following topics: (1) postgraduate clinical genetics and genetic counseling training programs, (2) medical genetics clinics and formal genetic counseling services), (3) clinical genetic testing and (4) patient support and advocacy groups. The webinar was followed by a short, web-based survey completed by 35 of the 60 attendees. The results of this survey indicated overwhelming support for establishing formal genetic counseling educational opportunities (91.6%) and increasing the availability of genetic testing (100%). This report further summarizes the opinions and recommendations of the panelists and the audience survey results.",Ashfaq Myla; Ahmed Syed A; Aziz-Rizvi Rabia; Hasan Zahra; Kirmani Salman; Munim Shama; Naeem Rizwan; Raza Jamal; Furqan Aisha,2023,Journal of community genetics,Islamic bioethics / genomic consent — supplementary,pending
36001253,Nurse's Roles in Colorectal Cancer Prevention: A Narrative Review.,"The objective of this paper is to investigate the different roles of nurses as members of healthcare teams at the primary, secondary, and tertiary levels of colorectal cancer prevention. The research team conducted a narrative review of studies involving the role of nurses at different levels of colorectal cancer prevention, which included a variety of quantitative, qualitative, and mixed-method studies. We searched PubMed, Scopus, Web of Science, Cochrane Reviews, Magiran, the Scientific Information Database (SID), Noormags, and the Islamic Science Citation (ISC) databases from ab initio until 2021. A total of 117 studies were reviewed. Nurses' roles were classified into three levels of prevention. At the primary level, the most important role related to educating people to prevent cancer and reduce risk factors. At the secondary level, the roles consisted of genetic counseling, stool testing, sigmoidoscopy and colonoscopy, biopsy and screening test follow-ups, and chemotherapy intervention, while at the tertiary level, their roles were made up of pre-and post-operative care to prevent further complications, rehabilitation, and palliative care. Nurses at various levels of prevention care also act as educators, coordinators, performers of screening tests, follow-up, and provision of palliative and end-of-life care. If these roles are not fulfilled at some levels of colorectal cancer, it is generally due to the lack of knowledge and competence of nurses or the lack of instruction and legal support for them. Nurses need sufficient clinical knowledge and experience to perform these roles at all levels.",Hashemi Narges; Bahrami Masoud; Tabesh Elham; Arbon Paul,2022,Journal of prevention (2022),Islamic bioethics / genomic consent — supplementary,pending
35791330,Mapping out the Trajectory of Islamic Perspectives on Neuroethics.,"The advancements of medical technology incited multi-disciplinary discussions with regard to its ethical implications. Within the neuroscientific domain, the term 'neuroethics' has gained prominence over recent years. However, the contributions of religious perspectives in the nascent field of neuroethics are particularly few. The scarce literature on Islamic perspectives on neuroethics merely questioned its importance and introduced a",Noorfuad Noorina,2022,Asian bioethics review,Islamic bioethics / genomic consent — supplementary,pending
35754438,Evolution of Xenotransplantation as an Alternative to Shortage of Donors in Heart Transplantation.,"This review aims to show and illustrate the history, current, ethical considerations, and limitations concerning xenotransplantation. Due to the current shortage of available donor organs for transplantation, many alternative sources are being examined to solve the donor shortage. One of them is xenotransplantation which refers to the transplantation of organs from one species to another. Compared to other nonhuman primates (NHP), pigs are ideal species for organ harvesting as they rapidly grow to human size in a handful of months. There is much advancement in the genetic engineering of pigs, which have hearts structurally and functionally similar to the human heart. The role of genetic engineering is to overcome the immune barriers in xenotransplantation and can be used in hyperacute rejection and T cell-mediated rejection. It is technically difficult to use large animal models for orthotopic, life-sustaining heart transplantation. Despite the fact that some religious traditions, such as Jewish and Muslim, prohibit the ingestion of pork products, few religious leaders consider that donating porcine organs is ethical because it saves human life. Although recent technologies have lowered the risk of a xenograft producing a novel virus that causes an epidemic, the risk still exists. It has major implications for the informed consent procedure connected with clinical research on heart xenotransplantation.",Wadiwala Ishaq J; Garg Pankaj; Yazji John H; Alamouti-Fard Emad; Alomari Mohammad; Hussain Md Walid Akram; Elawady Mohamed S; Jacob Samuel,2022,Cureus,Islamic bioethics / genomic consent — supplementary,pending
35450002,"Predictors of premarital screening and genetic counseling knowledge and attitude among deaf and hard hearing females in Tabuk, Saudi Arabia.","According to Saudi Arabia's 2030 vision, research should be directed to prevention, early detection, and intervention to reduce all types of disability. The current study aimed to investigate the predictors of Premarital Screening and Genetic Counseling (PMSGC) knowledge and attitude among deaf and hard hearing females' in Tabuk, Saudi Arabia. Descriptive correlational design was conducted on a convenience sample of 67 deaf and hard hearing students from the Tabuk region. Data were collected by an electronic questionnaire elaborated to the participants using sign language. The results revealed that most participants had incorrect answers regarding most PMSGC questions. Around two-thirds (68.7%, 65.7%, and 71.6%) of them strongly agree that PMSGC is very important, compatible with Islamic principles, and prevents family social and psychological problems, respectively. Older, urban area residents and university-educated participants have significantly higher knowledge and attitude scores than their peers (t=2.239, 4.887, 4.790 & p<0.05), respectively. Multiple regression shows that age (b=0.302, t=-2.795, p=0.007), education (b=0.336, t=2.425, p=0.019), mothers' education (b=0.314, t=2.345, p=0.023), and monthly income (b=-0.337, t=-2.503, p=0.015), are significant predictors of PMSGC knowledge. Furthermore, age (b=0.659, t=4.024, p=0.000), residence (b=0.293, t=2.233, p=0.030), education (b=-0.395, t=3.028, p=0.004), and type of disability (b=-0.443, t=-3.763, p=0.000) are significant predictors of PMSGC attitude. Although most deaf and hard hearing females have incorrect knowledge regarding PMSGC, most have a positive attitude. The study concluded that participants' education, mothers' education, and monthly income are significant predictors of PMSGC knowledge. Moreover, age, residence, education, and type of disability were significant predictors of higher PMSGC attitudes.",Zaien Sahar Zedan; El-Houfey Amira Abdallah; Alqahtani Hanadi; El Sayed Hanan Abd Elwahab; Elgzar Wafaa Taha; Essa Rasha Mohamed; Bayomy Hala; Ibrahim Heba Abdel-Fatah,2022,Journal of medicine and life,Islamic bioethics / genomic consent — supplementary,pending
35194886,Exploring the role of Islam on the lived experience of patients with Long QT Syndrome in Saudi Arabia.,"Genetic services are rapidly growing in the Arab world leading to increasing number of patients being diagnosed with genetic disorders. Islam is the only/major religion of the local population in these countries. Muslim patients integrate religion in virtually every aspect of their lives, and it is vital to understand the role of Islam on their coping and decision-making in the context of genetic counseling. This will help provide patients with the most appropriate services aligned to their religious beliefs and will improve outcomes. Increasing numbers of patients are being diagnosed with Long QT syndrome in Saudi Arabia. Using semi-structured interviews, this study explored the role of Islam on the lived experience of 13 Saudi participants diagnosed with autosomal dominant Long QT syndrome (3/13) or who are carriers of Jervell and Lange-Nielsen syndrome (10/13). The interviews investigated how they made sense of living with the condition in light of their religion/spirituality. The data were analyzed using interpretative phenomenological analysis and produced four superordinate themes: 1) Common belief and idiosyncratic interpretation; 2) Using religion to justify positive reframing of current illnesses; 3) Interplay between belief in medicine and in religion; and 4) Complex impact of diagnosis on religiosity. The results show that the participants' idiosyncratic interpretations of the religious principles, not the principles themselves, had an important influence on their coping, medical decision-making, perceptions regarding the cause of their disease, and compliance with medical advice. A novel insight of the current study is that the personal understanding and interpretation of medical information played the greatest role in the decision-making process, and not the religious beliefs. Thus, it is important for health professionals to give patients' information in a manner that is clear and detailed in order for them to facilitate an informed decision, and to ensure that they fully understand the implications.",Bakur Khadijah H; Al-Aama Jumana Y; Alhassnan Zuhair N; Brooks Helen; Clancy Tara; Manea Waleed; Takroni Saud A; Ulph Fiona,2022,Journal of genetic counseling,Islamic bioethics / genomic consent — supplementary,pending
34394752,CRISPR-Cas9 and He Jiankui's Case: an Islamic Bioethics Review using,"The discovery of clustered regularly interspaced short palindromic repeats (CRISPR) and the CRISPR-mediated protein 9 (CRISPR-Cas9) immediately revealed numerous potential therapeutic applications. Although CRISPR-Cas9 will most likely be useful for addressing issues such as genetic diseases and related medical issues, use of this modality for germline modification generates complex ethical questions regarding the safety and efficacy, human genetic enhancement, and ""designer"" babies. In this article, the case of the He Jiankui affair is used as an example of the potential for unregulated use of CRISPR-Cas9 technology. In 2018, Dr He Jiankui reported that he had successfully edited human embryos. This work clearly violates all international principles of bioethics. As such, the purpose of this paper is to explore the ethical challenges inherent in the use of CRISPR-Cas9 for human germline editing from the perspectives of the goals of Islamic law (Maqasid al Shari'a) and the major jurisprudential maxims (Qawaid Fiqhiyyah). We argue that from an Islamic standpoint, the therapeutic application of CRISPR-Cas9 for germline editing may be permissible if the safety and efficacy concerns are resolved and if the principles of Maqasid al-Shari'a are fulfilled.",Alsomali Nimah; Hussein Ghaiath,2022,Asian bioethics review,Islamic bioethics / genomic consent — supplementary,pending
34113375,Whole-Exome Sequencing Reveals a Rare Variant of,Non-syndromic hearing loss (NSHL) is one of the most frequent auditory deficits in humans characterized by high clinical and genetic heterogeneity. Very few studies have reported the relationship between,Fareed Mohd; Sharma Varun; Singh Inderpal; Rehman Sayeed Ur; Singh Gurdarshan; Afzal Mohammad,2021,Frontiers in genetics,Islamic bioethics / genomic consent — supplementary,pending
33550646,Supporting a sense of inclusion and belonging for genetic counseling students who identify as racial or ethnic minorities.,"Racial and ethnic minority graduate students in a variety of academic and professional disciplines have been reported to experience microaggressions and feelings of isolation during the course of their training. The purpose of this constructivist grounded theory study was to characterize the training experiences of genetic counseling students who identify as racial or ethnic minorities. The goal of enhancing racial and ethnic diversity has been discussed for decades within the genetic counseling profession, but the actual training experience of underrepresented minorities has yet to be fully explored. We conducted 13 videoconference focus groups with 32 recent graduates of genetic counseling training programs who identify as racial or ethnic minorities. This paper presents results from three of the thematic categories identified in that larger study: Participants' interactions with classmates, Sense of belonging in the GC profession, and Available or desired supports. Participants reported experiencing negative interactions within their training program, during supervised clinical rotations, and at professional events; negative interactions included comments suggesting they did not belong in the United States, being confused with another non-white classmate, and intrusive questions or assumptions about their family, culture, or religion that were not similarly directed at white classmates. Trainees who were Muslim or Black/African American reported feeling particularly isolated by these incidents. Participants reported that they sought support from a variety of sources following negative experiences. Non-minority program faculty were perceived as able to offer listening or action but not understanding or guidance, which were perceived as more likely to be available from individuals who identify as racial or ethnic minorities. Results of this exploratory study suggest the need for training programs to ensure that appropriate supports are available to minority students, including diverse faculty and staff and non-program resources.",Carmichael Nikkola; Redlinger-Grosse Krista; Birnbaum Shira,2021,Journal of genetic counseling,Islamic bioethics / genomic consent — supplementary,pending
33239050,Incidence of inherited metabolic disorders in southern Israel: a comparison between consanguinity and non-consanguinity communities.,"Inherited metabolic disorders (IMDs) are group of rare monogenic diseases, usually derived from reduced or absent activity in a single metabolic pathway. Most of the IMDs are inherited in an autosomal recessive manner. The incidence of IMDs varies from country to country and within different ethnic groups, but data is still scarce. Consanguinity rate among populations is highly contributor factor for IMDs incidence. There are no reports comparing the incidence of IMD in consanguineous and non-consanguineous populations from the same geographic region with the same diagnostic capabilities. Our study objective is to compare the incidence of IMDs between between the relatively low consanguineous Jewish population and the consanguineous Bedouin population, both living in the southern of Israel. During 1990-2017 there were 393,772 live births in the Negev district, of Southern of Israel. Among them 187,049 were of Jewish origin while 206,723 were of Bedouin-Muslim origin. A total of 223 children were diagnosed in this study period with IMDs. Among those 223 children with IMD, 33 were of Jewish origin while the other 190 children were of Bedouin-Muslim origin. The overall incidence for IMDs of the overall Negev population was 56.6/100,000 live birth. The incidence for IMD's among the Bedouin population was significantly higher than among Jewish population. IMDs are extremely more common in the consanguineous Bedouin compared with the relatively non-consanguineous Jewish population of Southern Israel. Health policy makers should consider these data and prepare educational and genetic counselling problems accordingly.",Hazan G; Hershkovitz E; Staretz-Chacham O,2021,Orphanet journal of rare diseases,Islamic bioethics / genomic consent — supplementary,pending
33059675,Challenges to effective and autonomous genetic testing and counseling for ethno-cultural minorities: a qualitative study.,"The Arab population in Israel is a minority ethnic group with its own distinct cultural subgroups. Minority populations are known to underutilize genetic tests and counseling services, thereby undermining the effectiveness of these services among such populations. However, the general and culture-specific reasons for this underutilization are not well defined. Moreover, Arab populations and their key cultural-religious subsets (Muslims, Christians, and Druze) do not reside exclusively in Israel, but are rather found as a minority group in many European and North American countries. Therefore, focusing on the Arab population in Israel allows for the examination of attitudes regarding genetic testing and counseling among this globally important ethnic minority population. We used a qualitative research method, employing individual interviews with 18 women of childbearing age from three religious subgroups (i.e., Druze, Muslim, and Christian) who reside in the Acre district, along with focus group discussions with healthcare providers (HCPs; 9 nurses and 7 genetic counselors) working in the same geographical district. A general lack of knowledge regarding the goals and practice of genetic counseling resulting in negative preconceptions of genetic testing was identified amongst all counselees. Counselors' objective of respecting patient autonomy in decision-making, together with counselees' misunderstanding of genetic risk data, caused uncertainty, frustration, and distrust. In addition, certain interesting variations were found between the different religious subgroups regarding their attitudes to genetic counseling. The study highlights the miscommunications between HCPs, particularly counselors from the majority ethno-cultural group, and counselees from a minority ethno-cultural group. The need for nuanced understanding of the complex perspectives of minority ethno-cultural groups is also emphasized. Such an understanding may enhance the effectiveness of genetic testing and counseling among the Arab minority group while also genuinely empowering the personal autonomy of counselees from this minority group in Israel and other countries.",Cohen-Kfir Nehama; Bentwich Miriam Ethel; Kent Andrew; Dickman Nomy; Tanus Mary; Higazi Basem; Kalfon Limor; Rudolf Mary; Falik-Zaccai Tzipora C,2021,BMC medical ethics,Islamic bioethics / genomic consent — supplementary,pending
32928295,Ethics of research on stem cells and regenerative medicine: ethical guidelines in the Islamic Republic of Iran.,"Regenerative medicine plays a major role in biomedicine, and given the ever-expanding boundaries of this knowledge, numerous ethical considerations have been raised. Rapid advancement of regenerative medicine science and technology in Iran, emerged the Iranian National Committee for Ethics in Biomedical Research to develop a comprehensive national ethical guideline. Therefore, the present ethical guideline which comprises eleven chapters was developed in 2019 and approved in early 2020. The titles of these chapters were selected based on the ethical considerations of various aspects of the field of regenerative medicine: (1) ethical principles of research on stem cells and regenerative medicine; (2) ethical considerations for research on stem cells (embryonic stem cells, epiblast stem cells, tissue-specific stem cells, stem cells derived from transdifferentiation, induced pluripotent stem cells [iPSCs], germline pluripotent stem cells, germline stem cells, and somatic cell nuclear transfer [SCNT] stem cells); (3) ethical considerations for research on somatic cells in regenerative medicine (adult somatic cells, fetal tissue somatic cells, and somatic cells derived from pregnancy products [other than fetus]); (4) ethical considerations for research on gametes in regenerative medicine; (5) ethical considerations for research related to genetic manipulation (human and animal) in regenerative medicine; (6) ethical considerations for research on tissue engineering in regenerative medicine; (7) ethical considerations for pre-clinical studies in regenerative medicine; (8) ethical considerations for clinical trials in regenerative medicine; (9) ethical considerations for stem cells and regenerative medicine bio-banks; (10) ethical considerations for privacy and confidentiality; and (11) ethical considerations for obtaining informed consent. This article discusses the process of developing the present ethical guidelines and its practical points. We hope that it can play an important worldwide role in advancing ethics of research on stem cells and regenerative medicine.",Afshar Leila; Aghayan Hamid-Reza; Sadighi Jila; Arjmand Babak; Hashemi Seyed-Mahmoud; Basiri Mohsen; Samani Reza Omani; Ashtiani Mohammad Kazemi; Azin Seyed-Ali; Hajizadeh-Saffar Ensiyeh; Gooshki Ehsan Shamsi; Hamidieh Amir-Ali; Rezania Moallem Mohammad-Reza; Azin Seyed-Mohammad; Shariatinasab Sadegh; Soleymani-Goloujeh Mehdi; Baharvand Hossein,2021,Stem cell research & therapy,Islamic bioethics / genomic consent — supplementary,pending
32578356,The experience of Preimplantation Genetic Testing (PGT) among Muslim couples in Oman in the Middle East.,"Preimplantation genetic testing (PGT) is an alternative reproductive technology integrated with in vitro fertilization (IVF). It is a well-established technique offering a reproductive option for families at a high risk of transmitting a genetic disorder, allowing them to avoid making a decision about termination of an affected pregnancy (TOP). In Arab communities and particularly in Oman, where TOP is not favored under the majority of implemented Muslim law, termination of pregnancy for fetal indications is not always possible. As these communities are in favor of consanguineous marriage, they are at increased risk of serious and lethal autosomal recessive conditions, and as a result, PGT is a feasible option as a TOP decision can be avoided. However, undergoing PGT is relatively new in the Arab Muslim countries and Omani patients have only recently had access to the service. This qualitative study utilized a phenomenological approach to explore the experience of Omani families who had selected to undergo PGT as a means of reducing the risk of having a child affected with a genetic disorder. Fourteen participants from eight families who underwent PGT were interviewed. Data collected were analyzed using thematic analysis. The research identified four main themes: Anxiously waiting 'Taraqub'; Unforeseen; Secrecy; and Me and My Partner. The findings of the research have provided insight into the PGT experiences of Omani families. Unique cultural and religious perspectives should be considered when counseling Omani Muslim couples.",Al-Kharusi Khalsa; Bruwer Zandre; Wessels Tina-Marié,2021,Journal of genetic counseling,Islamic bioethics / genomic consent — supplementary,pending
32144877,A founder truncating variant in GDF1 causes autosomal-recessive right isomerism and associated congenital heart defects in multiplex Arab kindreds.,"The genetic basis of congenital heart malformations associated with disruption of left-right (L-R) asymmetry is broad and heterogenous, with variants in over 25 genes implicated thus far. Of these, deleterious variants in the Growth/Differentiation Factor 1 (GDF1) gene have been shown to cause heterotaxy with varied complex heart malformations of left-right patterning, in 23 individuals reported to date, either in monoallelic or biallelic state. We report three unrelated individuals exhibiting right isomerism with congenital heart defects, each originating from a consanguineous kindred of Arab-Muslim descent. Using whole exome sequencing, a shared novel homozygous truncating c.608G > A (p.W203*) variant in the GDF1 gene was revealed as the molecular basis of their disease. Subsequently, targeted sequencing of this variant showed full segregation with the disease in these families, with a total of over 15 reportedly affected individuals, enabling genetic counseling, prenatal diagnosis, and planning of future pregnancies. Our findings further confirm the association of biallelic GDF1 variants, heterotaxy and congenital heart defects of left-right patterning, and expand the previously described phenotypic spectrum and mutational profile. Moreover, we suggest targeted screening for the p.W203* variant in relevant clinical circumstances.",Marek-Yagel Dina; Bolkier Yoav; Barel Ortal; Vardi Amir; Mishali David; Katz Uriel; Salem Yishay; Abudi Shachar; Nayshool Omri; Kol Nitzan; Raas-Rothschild Annick; Rechavi Gideon; Anikster Yair; Pode-Shakked Ben,2021,American journal of medical genetics. Part A,Islamic bioethics / genomic consent — supplementary,pending
32090706,Producing Parenthood: Islamic Bioethical Perspectives & Normative Implications.,"Biomedicine has opened up new possibilities for parenthood. Once resigned to remaining childless or pursuing adoption, infertile couples can now pursue options such as gamete donation, in-vitro fertilization, and uterine transplantation, as well as surrogacy. Muslim thinkers have viewed these strategies with both promise and caution given new types of kinship and parenthood result. By drawing upon leading medical",Padela Aasim I; Klima Katherine; Duivenbode Rosie,2020,The New bioethics : a multidisciplinary journal of biotechnology and the body,Islamic bioethics / genomic consent — supplementary,pending
31933118,Beyond Halal: Maqasid al-Shari'ah to Assess Bioethical Issues Arising from Genetically Modified Crops.,"Genetically modified organisms (GMOs) have increasingly dominated commodity crop production in the world in the endeavour to address issues related to food security. However, this technology is not without problems, and can give rise to bioethical issues for consumers, particularly Muslims. The Islamic perspective on GMOs is complex and goes beyond just the determination of whether food is halal or not. If the food is halal, but the process to obtain it is not thoyibban, as it is unethical, then the food cannot be permitted under the Maqasid al-Shari'ah. This paper examines ethical issues pertaining to GM crops and how the related ethical issues contradict with Islamic principles beyond the binary distinction between the contaminated and uncontaminated food. Since GM technology is a contemporary issue that may not be directly addressed in the al-Quran and Sunnah, other Islamic sources should also be referred to when drawing up this code of ethics to achieve the objective of Syariah (Maqasid al-Shari'ah). Maqasid al-Shari'ah can be applied to frame the Islamic bioethics guideline as it is comprehensive and encompasses moral principles directly applicable to modern biotechnology. The paper subsequently explores how the principles of Maqasid al-Shari'ah are applied in addressing these ethical issues.",Idris Siti Hafsyah; Abdul Majeed Abu Bakar; Chang Lee Wei,2021,Science and engineering ethics,Islamic bioethics / genomic consent — supplementary,pending
30598952,"Knowledge of umbilical cord blood banking among obstetricians and mothers in Anand and Kheda District, India.","To assess the knowledge of obstetricians and expectant mothers towards UCB banking and their awareness regarding pros and cons of the process. Questionnaires from a previously published study were modified contextually and translated into vernacular language (Gujarati). The questionnaires were distributed among 200 obstetricians, of which 100 responded and 100 mothers were in Anand and Kheda districts of India. Informed consent was taken for both. Mean (SD) age of obstetricians was 47.5 years (11.14) with mean (SD) work experience of 19.72 years (9.94). Almost all were aware of collection procedure for UCB and felt that UCB banking is useful. Thirty obstetricians thought that stored blood can be used in conditions of Autism, Duchenne Muscular Dystrophy and all genetic conditions. Sixty-three were aware of the procedure technique. Majority felt that the process was feasible and would do it for their own child. All the 100 mothers approached consented for the study with average age (SD) of 26.88 (4.17). Many were not aware of such a procedure and were not certain about the usefulness of the procedure. Seventy-six did not know the conditions in which the stored blood can be used. Only 4 mothers/family members had opted for UCB banking, whereas 27 expressed their willingness to recommend UCB to another mother. Five Muslim women wanted UCB but could not pursue it due to religious norms. The level of understanding among obstetricians was not commensurate with the amount of faith with which they promoted UCB banking.",Mistry Ayushi A; Amin Amee A; Nimbalkar Somashekhar M; Bhadesia Pranav; Patel Darshak R; Phatak Ajay G,2022,Journal of family medicine and primary care,Islamic bioethics / genomic consent — supplementary,pending
30502592,A review of the reproductive consequences of consanguinity.,"Consanguinity is the close union, sexual relationship or marriage between persons who have common biological ancestors usually up to about 2nd cousins. Contrary to general opinion consanguinity is quite common and is practiced worldwide. It is an important topic as while rates of consanguineous unions in certain society have decreased over time, rates have remained stable or increased in other societies with rates as high as 80.6% in some communities. Our aim was to conduct a review looking at general aspects of consanguinity and any published reproductive outcomes in literature. We also looked at possible future directions that could be relevant in the management of the consanguineous couple to help improve reproductive outcomes. We conducted a PUBMED, CINAHL, Web of Knowledge and Google Scholar search looking at articles on consanguinity. Consanguinity articles related to pregnancy and reproduction were searched using additional filters looking at our specific areas of interest. All relevant publications up to March 2015 were reviewed. Additional search for relevant articles pertaining to pre implantation genetic diagnosis for future directions in the management of the consanguineous couple was done. Most publications were found in books, on line articles and journals. Most were retrospective, population or cohort studies. Consanguinity is practiced by up to 10% of the world's population with rates ranging from 80.6% in certain provinces in the Middle East to less than 1% in western societies. It predates Islam and has been practiced since Old Testament times. The most commonly cited reason for consanguinity is sociocultural and socioeconomic although it is also more common in certain religions. In areas where rates of Consanguinity are reducing urban migration and increasing education rates are thought to be contributory. Congenital malformations have long been established to be higher in consanguineous couples above the background rate (4.5% Vs 1%).Due to ""Founder effect"" or a common ancestor, Consanguinity is most commonly associated with Inborn errors of metabolism most of which are autosomal recessive. Consanguinity increases the incidence of multifactorial disorders such as diabetes, cardiovascular disorders, obesity and certain types of cancers. These may in turn affect reproductive outcomes. It may also affect fertility rates. Pregnancy outcomes like increased pregnancy wastages and preterm labor have been reported with consanguinity. Other studies produced conflicting evidence on its effect regarding outcomes like hypertensive disorders of pregnancy and Intrauterine growth restriction. Consanguinity continues to be practiced worldwide and in some countries rates are increasing. The main reason for the practice appears to be sociocultural and socioeconomic although religious beliefs is a contributory factor. The most significant effects on reproductive outcomes are mostly due to autosomal recessive inherited conditions and inborn errors of metabolism. It also significantly increases the inheritance of certain multifactorial disorders like diabetes which may indirectly affect reproductive outcomes. In the future with the completion of the study of the whole human Genome and current advances in Pre implantation Genetic diagnosis and screening it may be possible to mitigate some of the adverse reproductive outcomes associated with consanguinity.",Oniya Olubunmi; Neves Karen; Ahmed Badreldeen; Konje Justin C,2019,"European journal of obstetrics, gynecology, and reproductive biology",Islamic bioethics / genomic consent — supplementary,pending
29706639,Carrier frequency analysis of mutations causing autosomal-recessive-inherited retinal diseases in the Israeli population.,"Inherited retinal diseases (IRDs) are heterogeneous phenotypes caused by variants in a large number of genes. Disease prevalence and the frequency of carriers in the general population have been estimated in only a few studies, but are largely unknown. To this end, we developed two parallel methods to calculate carrier frequency for mutations causing autosomal-recessive (AR) IRDs in the Israeli population. We created an SQL database containing information on 178 genes from gnomAD (including genotyping of 5706 Ashkenazi Jewish (AJ) individuals) and our cohort of >2000 families with IRDs. Carrier frequency for IRD variants and genes was calculated based on allele frequency values and the Hardy-Weinberg (HW) equation. We identified 399 IRD-causing variants in 111 genes in Israeli patients and AJ controls. For the AJ subpopulation, gnomAD and HW-based regression analysis showed high correlation, therefore allowing one to use HW-based data as a reliable estimate of carrier frequency. Overall, carrier frequency per subpopulation ranges from 1/2.2 to 1/9.6 individuals, with the highest value obtained for the Arab-Muslim subpopulation in Jerusalem reaching an extremely high carrier rate of 44.7%. Carrier frequency per gene ranges from 1/31 to 1/11994 individuals. We estimate the total carrier frequency for AR-IRD mutations in the Israeli population as over 30%, a relatively high carrier frequency with marked variability among subpopulations. Therefore, these data are highly important for more reliable genetic counseling and genetic screening. Our method can be adapted to study other populations, either based on allele frequency data or cohort of patients.",Hanany Mor; Allon Gilad; Kimchi Adva; Blumenfeld Anat; Newman Hadas; Pras Eran; Wormser Ohad; S Birk Ohad; Gradstein Libe; Banin Eyal; Ben-Yosef Tamar; Sharon Dror,2019,European journal of human genetics : EJHG,Islamic bioethics / genomic consent — supplementary,pending
28895055,Maqasid al-Shariah as a Complementary Framework for Conventional Bioethics: Application in Malaysian Assisted Reproductive Technology (ART) Fatwa.,"Rapid development in the area of assisted reproductive technology (ART), has benefited mankind by addressing reproductive problems. However, the emergence of new technologies and techniques raises various issues and discussions among physicians and the masses, especially on issues related to bioethics. Apart from solutions provided using conventional bioethics framework, solutions can also be derived via a complementary framework of bioethics based on the Higher Objectives of the Divine Law (Maqasid al-Shariah) in tackling these problems. This approach in the Islamic World has been applied and localised in the Malaysian context. Thus, this paper highlights a conceptual theoretical framework for solving current bioethical issues, with a special focus on ART in the Malaysian context, and compares this theory with conventional theories of bioethics.",Ibrahim Abdul Halim; Rahman Noor Naemah Abdul; Saifuddeen Shaikh Mohd,2019,Science and engineering ethics,Islamic bioethics / genomic consent — supplementary,pending
28109006,"Attitudes towards non-invasive prenatal diagnosis among obstetricians in Pakistan, a developing, Islamic country.","Stakeholders' views are essential for informing implementation strategies for non-invasive prenatal testing (NIPT). Little is known about such views in developing countries. We explored attitudes towards NIPT among obstetricians in Pakistan, a developing, Islamic country. A 35-item questionnaire was distributed and collected at eight events (a national conference and seven workshops in five cities) for obstetric professionals on advances in fetal medicine. Responses from 113 obstetrician show positive attitudes towards implementation of NIPT: 95% agreed prevention of genetic conditions was a necessity, and 97% agreed public hospitals should provide prenatal screening tests. However, participants also agreed the availability of NIPT would increase social pressure on women to have prenatal screening tests and to terminate an affected pregnancy (53% and 63%, respectively). Most participants would not offer NIPT for sex determination (55%), although 31% would. The most valued aspects of NIPT were its safety, followed by its utility and then accuracy. Participants generally supported the implementation of NIPT but raised concerns about social implications. Therefore, national policy is needed to regulate the implementation of NIPT, and pretest information and post-test genetic counselling are needed to mitigate social pressure and support parents to make informed decisions. © 2017 John Wiley & Sons, Ltd.",Ahmed Shenaz; Jafri Hussain; Rashid Yasmin; Mason Gerald; Ehsan Yasmin; Ahmed Mushtaq,2017,Prenatal diagnosis,Islamic bioethics / genomic consent — supplementary,pending
27967308,A Biallelic Mutation in the Homologous Recombination Repair Gene SPIDR Is Associated With Human Gonadal Dysgenesis.,"Primary ovarian insufficiency (POI) is caused by ovarian follicle depletion or follicle dysfunction, characterized by amenorrhea with elevated gonadotropin levels. The disorder presents as absence of normal progression of puberty. To elucidate the cause of ovarian dysfunction in a family with POI. We performed whole-exome sequencing in 2 affected individuals. To evaluate whether DNA double-strand break (DSB) repair activities are altered in biallelic mutation carriers, we applied an enhanced green fluorescent protein-based assay for the detection of specific DSB repair pathways in blood-derived cells. Diagnoses were made at the Pediatric Endocrine Clinic, Clalit Health Services, Sharon-Shomron District, Israel. Genetic counseling and sample collection were performed at the Pediatric Genetics Unit, Schneider Children's Medical Center Israel, Petah Tikva, Israel. Two sisters born to consanguineous parents of Israeli Muslim Arab ancestry presented with a lack of normal progression of puberty, high gonadotropin levels, and hypoplastic or absent ovaries on ultrasound. Blood samples for DNA extraction were obtained from all family members. Exome analysis to elucidate the cause of POI in 2 affected sisters. Analysis revealed a stop-gain homozygous mutation in the SPIDR gene (KIAA0146) c.839G>A, p.W280*. This mutation altered SPIDR activity in homologous recombination, resulting in the accumulation of 53BP1-labeled DSBs postionizing radiation and γH2AX-labeled damage during unperturbed growth. SPIDR is important for ovarian function in humans. A biallelic mutation in this gene may be associated with ovarian dysgenesis in cases of autosomal recessive inheritance.",Smirin-Yosef Pola; Zuckerman-Levin Nehama; Tzur Shay; Granot Yaron; Cohen Lior; Sachsenweger Juliane; Borck Guntram; Lagovsky Irina; Salmon-Divon Mali; Wiesmüller Lisa; Basel-Vanagaite Lina,2017,The Journal of clinical endocrinology and metabolism,Islamic bioethics / genomic consent — supplementary,pending
27105486,Autoimmune polyendocrinopathy-candidiasis-ectodermal dystrophy: report of three cases from Iran.,"Autoimmune polyendocrinopathy-candidiasis-ectodermal dystrophy (APECED), also named as autoimmune polyglandular syndrome (APS) type 1, is a rare autosomal recessive disorder caused by mutations in autoimmune regulator (AIRE) gene. It is distinguished by an immune-mediated damage of endocrine tissues, chronic candidiasis, and ectodermal disorder. APECED has been shown to be frequent in some populations including Iranian Jews. Here we report three cases of APECED from two independent Iranian Muslim families. Addison's disease, hypoparathyroidismand mucocutaneous candidiasis were shared clinical manifestations in all patients. Mutational analyses have demonstrated a novel homozygous splice site mutation (c.1095+2T>A) in intron 9 and a previously identified homozygous nonsense mutation (c.415C>T) in exon 3 of patients respectively. Future studies are needed to evaluate the frequency of these variants in Iranian APECED patients which would facilitate genetic counseling as well as prenatal diagnosis.",Seifi-Alan Mahnaz; Shamsi Roshanak; Setoodeh Aria; Sayarifard Fatemeh; Aghasi Parisa; Kompani Farzad; Ghafouri-Fard Soudeh; Abbasi Farzaneh,2017,Journal of pediatric endocrinology & metabolism : JPEM,Islamic bioethics / genomic consent — supplementary,pending
27084548,Increased cardiovascular risks associated with familial inbreeding: a population-based study of adolescent cohort.,"Cardiovascular diseases are the leading cause of mortality and morbidity among humans worldwide. We aimed to estimate the effect of familial inbreeding on cardiovascular risks. The study was conducted during April 2014 through June 2014, and a total of 587 adolescent subjects (male = 270, female = 317; 11-18 years of age) were recruited from five Muslim populations viz., Gujjar and Bakarwal (n = 130), Mughal (n = 111), Malik (n = 114), Syed (n = 108), and Khan (n = 124). Wright's path relationship method was used for calculating the coefficient of inbreeding (F). Anthropometric and physiological parameters were estimated using standard methods. We observed higher mean values for major physiological traits among the inbred subjects in comparison with the non-inbred groups of five different populations. Our study suggests that inbreeding and sex are the key factors affecting cardiovascular profile. Multivariate analysis of covariance revealed inbreeding as a major source of variation for cardiovascular risks, dominating over other factors causing greater variability in the physiological traits. The magnitude of cardiovascular risks shows an increase with the increase in the values of coefficient of inbreeding (i.e., from F = 0.00 to F = 0.125). The abnormal levels of systolic blood pressure (SBP; range 140-159 mm Hg) and fasting blood glucose (FBG; range 101-126 mg per dL) show persuasive increase with an upsurge in the homozygosity level (i.e., coefficient of inbreeding). Our comprehensive assessment presents the deleterious consequence of inbreeding on cardiovascular profile. This study can be used as fact-sheet for framing the heath policies and hence can play a vital role in genetic counseling strategies for transforming the public opinion regarding the practice of consanguinity and its associated risks.",Fareed Mohd; Afzal Mohammad,2017,Annals of epidemiology,Islamic bioethics / genomic consent — supplementary,pending
26518168,A novel mutation in the C7orf11 gene causes nonphotosensitive trichothiodystrophy in a multiplex highly consanguineous kindred.,"Trichothiodystrophy (TTD), also known as sulfur-deficient brittle hair syndrome, is a rare autosomal recessive multisystem disorder, which manifests with brittle hair, mental retardation, ichthyosis and decreased fertility. Mutations in the TTDN1 (C7orf11) gene have been shown to cause a nonphotosensitive type of trichothiodystrophy. We report of a 19 years old male, born to consanguineous parents of Arab-Muslim descent, who presented due to severe renal failure, but exhibited additional unique features, including developmental delay, mental retardation, splenomegaly, pancytopenia, hypogonadism and brittle hair. Following the clinical diagnosis of nonphotosensitive TTD, sequencing of the coding exons of C7orf11 was performed and revealed the patient to be homozygous for a novel c.505dupA mutation. As the severe renal failure following which the proband was referred to our care is not typically characteristic of this disorder, its significance is discussed. Molecular diagnosis of this highly affected family should enable genetic counseling and prenatal diagnosis for future pregnancies.",Pode-Shakked Ben; Marek-Yagel Dina; Greenberger Shoshana; Pode-Shakked Naomi; Pras Elon; Barzilai Aviv; Yassin Saeed; Sidi Yechezkel; Anikster Yair,2016,European journal of medical genetics,Islamic bioethics / genomic consent — supplementary,pending
25981282,"Confidentiality, informed consent, and children's participation in research involving stored tissue samples: interviews with medical professionals from the Middle East.","Ethical issues regarding research biobanks continue to be a topic of intense debate, especially issues of confidentiality, informed consent, and child participation. Although considerable empirical literature concerning research biobank ethics exists, very little information is available regarding the opinions of medical professionals doing genetics research from the Middle East, especially Arabic speaking countries. Ethical guidelines for research biobanks are critically needed as some countries in the Middle East are starting to establish national research biobanks. Islam is the dominant religion in these countries, and it affects people's behavior and influences their positions. Moreover, communities in these countries enjoy a set of customs, traditions and social norms, and have social and familial structures that must be taken into account when developing research policies. We interviewed 12 medical professionals from the Middle East currently working with stored tissue samples to document their opinions. We found general agreement. Participants' primary concerns were similar to the views of researchers internationally. Since children tend to represent a high percentage of Middle Eastern populations, and because children's bodies are not just small adult bodies, the interviewed professionals strongly believed that it is imperative to include children in biobank research. Participants generally believed that protecting confidentiality is socially very important and that informed consent/assent must be obtained from both adult and child participants. This study provides a starting point for additional studies.",Alahmad Ghiath; Al Jumah Mohammed; Dierickx Kris,2016,Narrative inquiry in bioethics,Islamic bioethics / genomic consent — supplementary,pending
25637462,Antenatal counselling for congenital anomaly tests: pregnant Muslim Moroccan women's preferences.,"to gain insight into pregnant Muslim Moroccan women's preferences regarding the content of and approach to antenatal counselling for anomaly screening. qualitative study using in-depth interviews. participants were recruited from one midwifery practice in a medium-sized city near Amsterdam. 12 pregnant Muslim Moroccan women who live in an area with a high density of immigrants. DATA COLLECTION AND DATA ANALYSES: we conducted open interviews after the cut-off date for the 20 week fetal anomaly scan and used techniques from the thematic analysis approach described by Braun and Clarke (2006). pregnant Muslim Moroccan women's preferences towards counselling could be summarised in three main findings. Firstly, pregnant Muslim Moroccan women underlined the importance of accurate and detailed information about the tests procedures and the anomalies that could be detected. Secondly, pregnant Muslim Moroccan women preferred counsellors to initiate discussions about moral topics and its relationship with the women's religious beliefs and values to facilitate an informed choice about whether or not to participate in the screening tests. Thirdly, pregnant Muslim Moroccan women preferred a counsellor who respects and treats them as an individual who has an Islamic background. The counsellor should have practical knowledge of Islamic rulings that are relevant to the anomaly tests. pregnant Muslim Moroccan women preferred to be accurately informed about antenatal anomaly tests and to be asked about their individual views on life by a counsellor who has genuine interest in the individual client and applied knowledge of Islamic beliefs regarding the value of life. counsellors should explore clients' moral values about quality of life and termination and its relationship with religious beliefs. Counsellors should know about Islamic rulings related to antenatal anomaly screening.",Gitsels-van der Wal Janneke T; Martin Linda; Manniën Judith; Verhoeven Pieternel; Hutton Eileen K; Reinders Hans S,2016,Midwifery,Islamic bioethics / genomic consent — supplementary,pending
24750562,Bioethics in the Malay-Muslim Community in Malaysia: A Study on the Formulation of Fatwa on Genetically Modified Food by the National Fatwa Council.,"The field of bioethics aims to ensure that modern scientific and technological advancements have been primarily developed for the benefits of humankind. This field is deeply rooted in the traditions of Western moral philosophy and socio-political theory. With respect to the view that the practice of bioethics in certain community should incorporate religious and cultural elements, this paper attempts to expound bioethical tradition of the Malay-Muslim community in Malaysia, with shedding light on the mechanism used by the National Fatwa Council to evaluate whether an application of biological sciences is ethical or not. By using the application of the genetically modified food as a case study, this study has found that the council had reviewed the basic guidelines in the main references of shari'ah in order to make decision on the permissibility of the application. The fatwa is made after having consultation with the experts in science field. The council has taken all factors into consideration and given priority to the general aim of shari'ah which to serve the interests of mankind and to save them from harm.",Isa Noor Munirah; Baharuddin Azizan; Man Saadan; Chang Lee Wei,2017,Developing world bioethics,Islamic bioethics / genomic consent — supplementary,pending
